Metric,Value
Accuracy,0.725
Precision,0.5
Recall,0.09090909090909091
F1 Score,0.15384615384615385
ROC AUC,0.567398119122257
