Cluster,Spend,Revenue,Clicks,Impressions,CTR,CPC,Conversions,ROAS,CampaignType,Channel,Device,Revenue_per_Click,Conversion_Rate,Revenue_to_Spend,Spend_per_Conversion,CTR_ROAS,Log_Revenue,Log_Spend
0,0.4493588432679625,0.8619088555069557,0.18228026637611072,0.10076632937361986,0.16111067944261645,-0.12193708680587413,-0.16610244383497574,0.7917527144617978,1.5294117647058822,1.0823529411764705,0.9882352941176471,0.07519466163213705,-0.2894732450939357,0.7990951858981711,0.26223539328287426,0.5041663049946504,0.8255600044578908,0.4906952563494313
1,-0.43679487703410014,-0.7273278502678947,0.038395712973373484,0.04160251946887237,-0.08682578249046816,-0.2484619119225707,0.10789927165658485,-0.6165569065622981,1.4077669902912622,0.912621359223301,0.9611650485436893,-0.40609367367482097,-0.1203011329435354,-0.6231925558119759,-0.19769178092686632,-0.36614364431098434,-0.72267215841847,-0.4690698812902857
2,0.5661975547279593,0.1377096549584903,-1.6207150898522409,-1.070849791837629,-0.395946013008683,2.9963524422103394,0.25042356211205824,-0.31613494611134635,1.5,1.3333333333333333,0.8333333333333334,2.953008512481242,3.0830202105140554,-0.31118812939258106,-0.1606462494647559,-0.42844504670949135,0.3552193281817944,0.5504250819331541
