,precision,recall,f1-score,support
0,0.5714285714285714,0.64,0.6037735849056604,25.0
1,0.25,0.2,0.2222222222222222,15.0
accuracy,0.475,0.475,0.475,0.475
macro avg,0.4107142857142857,0.42000000000000004,0.4129979035639413,40.0
weighted avg,0.4508928571428571,0.475,0.460691823899371,40.0
