Metric,Value
Accuracy,0.475
Precision,0.25
Recall,0.2
F1 Score,0.2222222222222222
ROC AUC,0.45333333333333337
